Workbook
Name employees: Inputs!$B$3
Name manual_hrs: Inputs!$B$4
Name hourly_cost: Inputs!$B$5
Name industry: Inputs!$B$6
Name annual_plan: Inputs!$B$7
Name benchmark_table: 'Industry benchmarks'!$A$2:$B$10

Sheet Inputs
A1: Aiprosol — AI Automation ROI Calculator
A2: v1.0 · 2026 · enter your numbers in the BLUE cells
A3: Team size (employees) | B3: 25
A4: Manual hrs/week per employee | B4: 18
A5: Avg loaded hourly cost (£) | B5: 45
A6: Industry | B6: Professional Services
A7: Annual Aiprosol plan cost (£) | B7: 11964
A9: How to use this calculator
A10: Edit the BLUE cells above. The Output sheet recalculates instantly.
A11: Industry benchmarks come from the Industry benchmarks sheet — public research + Aiprosol pilot data.
A12: Sensitivity sheet shows what happens if hourly cost / team size move plus/minus 20-50%.
A13: Scenario comparison sheet contrasts current state vs Starter (£997/mo) vs Growth (£2,997/mo) plans.
A15: Methodology
A16: Annual savings = hours reclaimed/wk × employees × hourly cost × 50 working weeks.
A17: Hours reclaimed/wk = MIN(manual hrs, industry benchmark) — capped at what you actually have.
A18: ROI % = (annual savings - annual plan) / annual plan × 100.
A19: Payback months = annual plan / (annual savings ÷ 12).
A21: Color coding · BLUE = your inputs · BLACK = formulas · GREEN = links from another sheet

Sheet Industry benchmarks
A1: Industry | B1: Hrs reclaimed / employee / week | C1: Source / notes
A2: Legal | B2: 8.5 | C2: Contract review + matter management automation
A3: Real Estate | B3: 6.2 | C3: Lead response + listing comms
A4: Manufacturing | B4: 7.8 | C4: Vision QC + ops reporting
A5: E-commerce | B5: 5.4 | C5: Customer support + cart automation
A6: Financial Services | B6: 9.1 | C6: Document processing at 99%+ accuracy
A7: Healthcare | B7: 4.8 | C7: Patient intake + records
A8: SaaS | B8: 5.9 | C8: Lead scoring + churn prediction
A9: Professional Services | B9: 7 | C9: Workflow + comms + scheduling
A10: Other | B10: 5.5 | C10: Median of all sectors

Sheet Output
A1: Aiprosol ROI Calculator — Output
A2: Recalculates from your inputs on the Inputs sheet.
A4: Current annual manual cost | B4: =manual_hrs * employees * hourly_cost * 50
A5: Industry benchmark — hrs reclaimed / employee / week | B5: =VLOOKUP(industry, benchmark_table, 2, FALSE)
A6: Hrs reclaimed / employee / week (capped at your manual hrs) | B6: =MIN(manual_hrs, B5)
A7: Total weekly hrs reclaimed across team | B7: =B6 * employees
A8: Annual savings | B8: =B6 * employees * hourly_cost * 50
A9: Annual Aiprosol plan cost | B9: =annual_plan
A10: Net annual benefit | B10: =B8 - B9
A11: ROI | B11: =IF(B9>0, (B10/B9)*100, "—")
A12: Payback period (months) | B12: =IF(B8>0, B9*12/B8, "—")

Sheet Sensitivity
A1: Sensitivity — net annual benefit
A2: How net benefit changes if hourly cost or team size differs from your input.
A4: Hourly cost ↓ / Team size → | B4: =ROUND(employees*(1+-0.5), 0) | C4: =ROUND(employees*(1+-0.25), 0) | D4: =ROUND(employees*(1+0), 0) | E4: =ROUND(employees*(1+0.25), 0) | F4: =ROUND(employees*(1+0.5), 0)
A5: =ROUND(hourly_cost*(1+-0.2), 0) | B5: =Output!$B$6 * employees*(1+-0.5) * hourly_cost*(1+-0.2) * 50 - annual_plan | C5: =Output!$B$6 * employees*(1+-0.25) * hourly_cost*(1+-0.2) * 50 - annual_plan | D5: =Output!$B$6 * employees*(1+0) * hourly_cost*(1+-0.2) * 50 - annual_plan | E5: =Output!$B$6 * employees*(1+0.25) * hourly_cost*(1+-0.2) * 50 - annual_plan | F5: =Output!$B$6 * employees*(1+0.5) * hourly_cost*(1+-0.2) * 50 - annual_plan
A6: =ROUND(hourly_cost*(1+-0.1), 0) | B6: =Output!$B$6 * employees*(1+-0.5) * hourly_cost*(1+-0.1) * 50 - annual_plan | C6: =Output!$B$6 * employees*(1+-0.25) * hourly_cost*(1+-0.1) * 50 - annual_plan | D6: =Output!$B$6 * employees*(1+0) * hourly_cost*(1+-0.1) * 50 - annual_plan | E6: =Output!$B$6 * employees*(1+0.25) * hourly_cost*(1+-0.1) * 50 - annual_plan | F6: =Output!$B$6 * employees*(1+0.5) * hourly_cost*(1+-0.1) * 50 - annual_plan
A7: =ROUND(hourly_cost*(1+0), 0) | B7: =Output!$B$6 * employees*(1+-0.5) * hourly_cost*(1+0) * 50 - annual_plan | C7: =Output!$B$6 * employees*(1+-0.25) * hourly_cost*(1+0) * 50 - annual_plan | D7: =Output!$B$6 * employees*(1+0) * hourly_cost*(1+0) * 50 - annual_plan | E7: =Output!$B$6 * employees*(1+0.25) * hourly_cost*(1+0) * 50 - annual_plan | F7: =Output!$B$6 * employees*(1+0.5) * hourly_cost*(1+0) * 50 - annual_plan
A8: =ROUND(hourly_cost*(1+0.1), 0) | B8: =Output!$B$6 * employees*(1+-0.5) * hourly_cost*(1+0.1) * 50 - annual_plan | C8: =Output!$B$6 * employees*(1+-0.25) * hourly_cost*(1+0.1) * 50 - annual_plan | D8: =Output!$B$6 * employees*(1+0) * hourly_cost*(1+0.1) * 50 - annual_plan | E8: =Output!$B$6 * employees*(1+0.25) * hourly_cost*(1+0.1) * 50 - annual_plan | F8: =Output!$B$6 * employees*(1+0.5) * hourly_cost*(1+0.1) * 50 - annual_plan
A9: =ROUND(hourly_cost*(1+0.2), 0) | B9: =Output!$B$6 * employees*(1+-0.5) * hourly_cost*(1+0.2) * 50 - annual_plan | C9: =Output!$B$6 * employees*(1+-0.25) * hourly_cost*(1+0.2) * 50 - annual_plan | D9: =Output!$B$6 * employees*(1+0) * hourly_cost*(1+0.2) * 50 - annual_plan | E9: =Output!$B$6 * employees*(1+0.25) * hourly_cost*(1+0.2) * 50 - annual_plan | F9: =Output!$B$6 * employees*(1+0.5) * hourly_cost*(1+0.2) * 50 - annual_plan
A11: Reading this: rows are different hourly costs; columns are different team sizes. Each cell shows the net annual benefit in that scenario.

Sheet Scenario comparison
A1: Scenario comparison — current vs Aiprosol plans
A2: Three scenarios side by side. Numbers driven by your Inputs sheet.
A4: Metric | B4: Current state | C4: With Aiprosol Starter (£997/mo) | D4: With Aiprosol Growth (£2,997/mo)
A5: Hrs reclaimed / employee / week | B5: =0 | C5: =Output!$B$6 | D5: =MIN(manual_hrs, Output!$B$6 * 1.5)
A6: Total team hrs reclaimed / week | B6: =0 | C6: =Output!$B$7 | D6: =MIN(manual_hrs, Output!$B$6 * 1.5) * employees
A7: Annual savings | B7: =0 | C7: =Output!$B$8 | D7: =MIN(manual_hrs, Output!$B$6 * 1.5) * employees * hourly_cost * 50
A8: Annual plan cost | B8: =0 | C8: =11964 | D8: =35964
A9: Net annual position | B9: =-(manual_hrs * employees * hourly_cost * 50) | C9: =Output!$B$8 - 11964 | D9: =(MIN(manual_hrs, Output!$B$6 * 1.5) * employees * hourly_cost * 50) - 35964
A10: ROI | B10: =0 | C10: =IF(11964>0, (Output!$B$8-11964)/11964*100, 0) | D10: =IF(35964>0, ((MIN(manual_hrs, Output!$B$6 * 1.5) * employees * hourly_cost * 50)-35964)/35964*100, 0)
A11: Payback (months) | B11: =0 | C11: =IF(Output!$B$8>0, 11964*12/Output!$B$8, 0) | D11: =IF((MIN(manual_hrs, Output!$B$6 * 1.5) * employees * hourly_cost * 50)>0, 35964*12/(MIN(manual_hrs, Output!$B$6 * 1.5) * employees * hourly_cost * 50), 0)
A13: Note: Growth-tier savings model assumes 1.5x hrs reclaimed vs Starter, capped at your stated manual hours. Adjust formula if context differs.
